{
    "loss": 0.7622640132904053,
    "accuracy": 0.8448275923728943
}